run_id,label,valid,max_running_requests,chunked_prefill_size,radix_cache,request_count,success_count,throughput_requests_s,throughput_output_tokens_s,energy_j,joules_per_request,joules_per_1000_output_tokens,p95_ttft_ms,p95_tpot_ms,p95_e2e_ms,queue_median,queue_nonzero_fraction
001-s1-capacity-c32,s1-capacity-c32,True,128,8192,False,256,256,22.830153083853585,2922.259594733259,10122.570999622345,39.541292967274785,308.91635130683426,332.9238430596888,9.510227457040877,1496.4338564313948,0.0,0.08695652173913043
002-s1-capacity-c64,s1-capacity-c64,True,128,8192,False,256,256,34.32890167683295,4394.0994146346175,7837.0019998550415,30.613289061933756,239.16632079635747,776.7124865204096,13.33657031380168,2324.862278997898,0.0,0.06666666666666667
003-s1-capacity-c128,s1-capacity-c128,True,128,8192,False,256,256,48.64971485499715,6227.163501439635,6136.3910002708435,23.970277344807982,187.26779175631236,918.7705717049539,18.76781972521168,2758.6244377307594,0.0,0.2727272727272727
004-s1-capacity-c256,s1-capacity-c256,True,128,8192,False,512,512,49.837113158075084,6379.150484233611,12256.62599992752,23.93872265610844,187.02127075084718,3502.3888929747045,18.739898601825544,5325.899367313832,128.0,0.85
005-s1-capacity-c512,s1-capacity-c512,True,128,8192,False,1024,1024,49.96719004836791,6395.800326191093,24541.202999591827,23.966018554288894,187.23451995538198,8338.86568332091,18.168274733406587,10284.083063527942,384.0,0.9024390243902439
006-s1-knee-0.50,s1-knee-0.50,True,128,8192,False,1125,1125,24.445841807635933,3129.0677513773994,42519.82300043106,37.795398222605385,295.27654861410457,603.3651199191804,37.79074141066375,5089.9402137845755,0.0,0.053763440860215055
007-s1-knee-0.70,s1-knee-0.70,True,128,8192,False,1571,1571,34.0010498797204,4352.134384604211,48911.825999736786,31.13419859945053,243.23592655820727,789.1574930399656,31.41394018481566,4272.760609164834,0.0,0.4673913043478261
008-s1-knee-0.85,s1-knee-0.85,True,128,8192,False,1914,1914,40.970310431674406,5244.199735254324,53431.55499982834,27.916172936169456,218.09510106382388,1152.9723116196692,25.81616459766358,4027.479986101389,7.0,0.7204301075268817
009-s1-knee-0.95,s1-knee-0.95,True,128,8192,False,2158,2158,45.58408528860253,5834.762916941124,56550.65299987793,26.205121872047233,204.727514625369,1672.1060877665877,23.906380179389487,4233.120443765074,33.0,0.9052631578947369
010-s1-knee-1.05,s1-knee-1.05,False,128,8192,False,2374,2374,47.99589698342319,6143.474813878168,59835.950999736786,25.204697135525183,196.9116963712905,3574.3215415626764,23.20054423533321,5854.292510543019,84.0,0.9292929292929293
011-s1-knee-confirm-0.50-seed-2026082501,s1-knee-confirm-0.50-seed-2026082501,True,128,8192,False,2265,2265,24.8632585608251,3182.4970957856126,87214.05599975586,38.505101986647176,300.82110927068106,104.98620271682736,33.14057094316314,4326.399806514382,0.0,0.01098901098901099
012-s1-knee-confirm-0.50-seed-2026082502,s1-knee-confirm-0.50-seed-2026082502,True,128,8192,False,2223,2223,24.42317350075749,3126.1662080969586,85598.44000005722,38.50582096268881,300.8267262710063,216.22406505048295,36.06147602581837,4673.417963460088,0.0,0.06593406593406594
013-s1-knee-confirm-0.70-seed-2026082501,s1-knee-confirm-0.70-seed-2026082501,True,128,8192,False,3156,3156,34.44114911062431,4408.467086159912,97518.92199993134,30.899531685656317,241.40259129418996,659.8352487199008,31.79455923987186,4308.574102353305,1.0,0.5409836065573771
014-s1-knee-confirm-0.70-seed-2026082502,s1-knee-confirm-0.70-seed-2026082502,True,128,8192,False,3126,3126,34.21212314105816,4379.151762055444,97487.81099939346,31.186119961418253,243.64156219858012,642.0455565676093,31.229294678856302,4239.3321972340345,1.0,0.532967032967033
015-s1-knee-confirm-0.85-seed-2026082501,s1-knee-confirm-0.85-seed-2026082501,True,128,8192,False,3847,3847,42.063311658734584,5384.103892318027,105809.67199993134,27.504463737959796,214.8786229528109,1011.7417795583606,25.844693835091398,3904.0796700865026,8.0,0.7704918032786885
016-s1-knee-confirm-0.85-seed-2026082502,s1-knee-confirm-0.85-seed-2026082502,True,128,8192,False,3778,3778,41.37833751735242,5296.42720222111,105416.25099992752,27.90266040231009,217.9895343930476,831.9217438809571,25.88140770176968,3788.4500744752586,4.0,0.7197802197802198
017-s1-mrr-screen-mrr-32_chunk-8192_cache-off,s1-mrr-screen-mrr-32_chunk-8192_cache-off,False,32,8192,False,2036,1651,22.009941718054325,2817.2725399109536,71031.33499956131,43.023219260788196,336.1189004749078,35292.89305862039,11.151421023166087,36598.172401078045,571.0,0.9866666666666667
018-s1-mrr-screen-mrr-64_chunk-8192_cache-off,s1-mrr-screen-mrr-64_chunk-8192_cache-off,True,64,8192,False,2036,2036,35.537329678544374,4548.77819885368,63280.948999881744,31.08101620819339,242.82043912651088,10990.635237656534,14.297452641607034,12357.051199302077,221.0,0.956140350877193
019-s1-mrr-screen-mrr-128_chunk-8192_cache-off,s1-mrr-screen-mrr-128_chunk-8192_cache-off,True,128,8192,False,2036,2036,43.361568344875806,5550.280748144103,54503.453999996185,26.769869351668067,209.1396043099068,1478.8447208702564,24.998279673406692,4241.659091319889,13.0,0.776595744680851
020-s1-mrr-screen-mrr-256_chunk-8192_cache-off,s1-mrr-screen-mrr-256_chunk-8192_cache-off,True,256,8192,False,2036,2036,43.38407596362329,5553.161723343781,52670.04800033569,25.869375245744447,202.10449410737849,1400.5666747689247,50.25299512011212,6886.456418316811,0.0,0.4574468085106383
021-s2-capacity-c64,s2-capacity-c64,True,128,8192,False,64,64,7.035762007101721,900.5775369090203,11674.31800031662,182.41121875494719,1425.087646523025,7304.688444174825,66.1638547791036,9069.039114471525,26.0,0.8333333333333334
022-s2-capacity-c128,s2-capacity-c128,True,128,8192,False,128,128,7.438246902659232,952.0956035403817,22937.302999973297,179.19767968729138,1399.981872556964,14321.207921020687,126.4022235538605,17143.887056969106,51.0,0.8571428571428571
023-s2-capacity-c256,s2-capacity-c256,False,128,8192,False,256,256,6.072255590459376,777.2487155788001,47853.6920003891,186.92848437651992,1460.3787841915619,38401.74502925947,182.14113276275828,41963.57621392235,139.0,0.9285714285714286
024-s2-chunk-screen-mrr-128_chunk--1_cache-off,s2-chunk-screen-mrr-128_chunk--1_cache-off,True,128,-1,False,295,295,6.326069927938605,809.7369507761414,57453.40699958801,194.75731186301022,1521.5414989297674,831.0896800830961,58.42961005602531,7736.897653713824,0.0,0.1827956989247312
025-s2-chunk-screen-mrr-128_chunk-2048_cache-off,s2-chunk-screen-mrr-128_chunk-2048_cache-off,True,128,2048,False,295,295,5.595638031426788,716.2416680226289,65110.509999752045,220.71359321949845,1724.3249470273317,5555.318632908173,169.25070192664862,24707.659987732768,14.0,0.9428571428571428
026-s2-chunk-screen-mrr-128_chunk-4096_cache-off,s2-chunk-screen-mrr-128_chunk-4096_cache-off,False,128,4096,False,295,295,6.19273165046296,792.6696512592589,60703.578000068665,205.77484067819887,1607.6159427984287,1103.2081995159388,132.0090960007249,17059.310399740934,1.0,0.5578947368421052
027-s2-chunk-screen-mrr-128_chunk-8192_cache-off,s2-chunk-screen-mrr-128_chunk-8192_cache-off,True,128,8192,False,295,295,6.275848783127812,803.30864424036,58960.700999736786,199.86678304995522,1561.459242577775,839.5384322851896,77.45326419368268,10112.50263992697,0.0,0.30851063829787234
028-s2-interaction-mrr-128_chunk-8192_cache-off,s2-interaction-mrr-128_chunk-8192_cache-off,False,128,8192,False,311,311,5.827231130921358,745.8855847579338,61908.047999858856,199.0612475879706,1555.1659967810203,951.4151932671666,139.188374708018,18132.61711783707,0.0,0.29906542056074764
029-s3-capacity-c64,s3-capacity-c64,True,128,8192,False,64,64,12.092031448823228,1547.7800254493732,6449.328000068665,100.77075000107288,787.2714843833819,3780.4983829148114,36.69459053542553,5276.072429586202,21.0,0.7
030-s3-capacity-c128,s3-capacity-c128,True,128,8192,False,128,128,13.749069044886804,1759.880837745511,12093.15399980545,94.47776562348008,738.1075439334381,6954.9394896253925,67.05072360905254,9263.916494045407,41.0,0.8333333333333334
031-s3-capacity-c256,s3-capacity-c256,True,128,8192,False,256,256,13.90738135465959,1780.1448133964275,24198.321000099182,94.52469140663743,738.4741516143549,15682.286002673209,64.42332220461778,18258.970117662102,101.0,0.8648648648648649
032-s3-cold-PX0-mrr-128_chunk-8192_cache-off,s3-cold-PX0-mrr-128_chunk-8192_cache-off,True,128,8192,False,548,548,11.837328327656428,1515.1780259400227,58606.48799991608,106.94614598524832,835.5167655097524,798.1028161011636,68.58657193553493,9007.900548540056,0.0,0.17391304347826086
033-s3-cold-PX50-mrr-128_chunk-8192_cache-off,s3-cold-PX50-mrr-128_chunk-8192_cache-off,False,128,8192,False,544,544,11.23118284426017,1437.5914040653017,55607.98999977112,102.22056985252044,798.5982019728159,7570.720574259758,130.47115321630451,16778.06106377393,42.0,0.6597938144329897
034-s3-cold-PX87-mrr-128_chunk-8192_cache-off,s3-cold-PX87-mrr-128_chunk-8192_cache-off,False,128,8192,False,544,542,11.834629471248926,1514.8325723198625,58558.614000320435,108.04172324782368,844.0759628736225,463.4062558412552,67.38232032241899,8745.384279731657,0.0,0.16304347826086957
035-s3-cold-PX0-mrr-128_chunk-8192_cache-on,s3-cold-PX0-mrr-128_chunk-8192_cache-on,True,128,8192,True,548,548,11.808101202447329,1511.436953913258,57860.296999931335,105.58448357651703,824.8787779415393,1265.5305057764049,56.95438159365705,7682.469580788165,0.0,0.44086021505376344
036-s3-cold-PX50-mrr-128_chunk-8192_cache-on,s3-cold-PX50-mrr-128_chunk-8192_cache-on,True,128,8192,True,544,544,11.919992320054458,1525.7590169669706,48389.078999996185,88.95051286764004,694.9258817784379,221.23891338706028,25.395412423361947,3400.4773477092385,0.0,0.010869565217391304
037-s3-cold-PX87-mrr-128_chunk-8192_cache-on,s3-cold-PX87-mrr-128_chunk-8192_cache-on,False,128,8192,True,544,544,11.939282300279753,1528.2281344358084,39379.0670003891,72.38799080953879,565.5311781995217,210.11657798662787,20.111568400445655,2685.4106995277107,0.0,0.01098901098901099
038-s3-confirm-PX0-mrr-128_chunk-8192_cache-off-seed-2026082501,s3-confirm-PX0-mrr-128_chunk-8192_cache-off-seed-2026082501,False,128,8192,False,1125,1123,12.345526241057364,1580.2273588553426,118016.72899961472,105.09058682067206,821.0202095365004,725.6168290972702,65.15407814666277,8664.145370759068,0.0,0.19230769230769232
039-s3-confirm-PX0-mrr-128_chunk-8192_cache-off-seed-2026082502,s3-confirm-PX0-mrr-128_chunk-8192_cache-off-seed-2026082502,True,128,8192,False,1111,1111,12.189458061449493,1560.250631865535,118466.56900024414,106.6305751577355,833.0513684198086,480.32738734036684,66.70296787628976,8709.754575043917,0.0,0.15384615384615385
040-s3-confirm-PX87-mrr-128_chunk-8192_cache-off-seed-2026082501,s3-confirm-PX87-mrr-128_chunk-8192_cache-off-seed-2026082501,False,128,8192,False,1120,1119,12.378257620761138,1584.4169754574257,117851.93099975586,105.31897319013035,822.8044780478933,593.1833790615199,66.9814489121864,8818.772900663316,0.0,0.18333333333333332
041-s3-confirm-PX87-mrr-128_chunk-8192_cache-off-seed-2026082502,s3-confirm-PX87-mrr-128_chunk-8192_cache-off-seed-2026082502,True,128,8192,False,1104,1104,12.175977049762087,1558.5250623695472,117724.69799995422,106.63469021734984,833.0835173230456,514.0520907007157,66.8786466341671,8715.858339518309,0.0,0.13812154696132597
042-s3-confirm-PX0-mrr-128_chunk-8192_cache-on-seed-2026082501,s3-confirm-PX0-mrr-128_chunk-8192_cache-on-seed-2026082501,False,128,8192,True,1125,1125,12.365154377193717,1582.7397602807957,117764.05999994278,104.67916444439358,817.8059722218248,1684.1293476521964,57.25994307225145,8621.054669469595,2.0,0.6153846153846154
043-s3-confirm-PX0-mrr-128_chunk-8192_cache-on-seed-2026082502,s3-confirm-PX0-mrr-128_chunk-8192_cache-on-seed-2026082502,False,128,8192,True,1111,1111,12.148772339935812,1555.042859511784,113536.98799943924,102.19350855035034,798.3867855496121,5891.436330974102,88.75806273995187,13067.57616251707,19.0,0.9234972677595629
044-s3-confirm-PX87-mrr-128_chunk-8192_cache-on-seed-2026082501,s3-confirm-PX87-mrr-128_chunk-8192_cache-on-seed-2026082501,False,128,8192,True,1120,1120,12.41963457938497,1589.7132261612762,78401.55599975586,70.0013892854963,546.8858537929399,112.01736489310859,18.09412001038161,2405.1038147881627,0.0,0.005555555555555556
045-s3-confirm-PX87-mrr-128_chunk-8192_cache-on-seed-2026082502,s3-confirm-PX87-mrr-128_chunk-8192_cache-on-seed-2026082502,False,128,8192,True,1104,1104,12.211381674852579,1563.05685438113,78259.95100021362,70.88763677555582,553.8096623090298,119.4373155944049,20.407880723153742,2709.703127667308,0.0,0.016574585635359115
046-s3-warm-PX87-mrr-128_chunk-8192_cache-off,s3-warm-PX87-mrr-128_chunk-8192_cache-off,False,128,8192,False,544,544,11.871531573007786,1519.5560413449966,57566.55700016022,105.82087683852981,826.7256003010142,850.1104589551687,65.37326469020111,8668.553752545267,0.0,0.16483516483516483
047-s3-warm-PX87-mrr-128_chunk-8192_cache-on,s3-warm-PX87-mrr-128_chunk-8192_cache-on,True,128,8192,True,544,544,11.933001308419307,1527.4241674776713,38419.92300033569,70.62485845649944,551.7567066914019,151.5079817734659,18.75451041576196,2491.687400173396,0.0,0.01098901098901099
048-s4-dec-capacity-c64,s4-dec-capacity-c64,True,128,8192,False,64,64,5.686479849662891,5822.955366054801,11550.821000099182,180.48157812654972,176.2515411392087,550.5488614551723,10.691911321249904,11243.388651777059,0.0,0.0
049-s4-dec-capacity-c128,s4-dec-capacity-c128,True,128,8192,False,128,128,7.9573833466880055,8148.360547008518,18592.59399986267,145.25464062392712,141.85023498430382,939.0450606122613,15.412245045087408,16058.601997420192,0.0,0.06060606060606061
050-s4-dec-capacity-c256,s4-dec-capacity-c256,True,128,8192,False,256,256,7.9068247230688575,8096.58851642251,37869.22000026703,147.92664062604308,144.4596099863702,17296.896846033633,15.452098211078729,32321.298060938716,46.0,0.5230769230769231
051-s4-BAL-mrr-128_chunk-8192_cache-off-seed-2026082591,s4-BAL-mrr-128_chunk-8192_cache-off-seed-2026082591,False,128,8192,False,3845,3845,41.888322520786446,5361.705282660665,105778.32400035858,27.510617425320827,214.92669863531896,1281.8046238273375,26.383605790067843,4097.555693611503,9.0,0.7868852459016393
052-s4-BAL-mrr-128_chunk-8192_cache-off-seed-2026082592,s4-BAL-mrr-128_chunk-8192_cache-off-seed-2026082592,True,128,8192,False,3808,3808,41.625228755016664,5328.029280642133,104970.36000061035,27.565745798479607,215.35738905062195,1087.8450176678598,26.377696666397213,3965.6650768592945,10.0,0.8032786885245902
053-s4-PF-mrr-128_chunk-8192_cache-off-seed-2026082591,s4-PF-mrr-128_chunk-8192_cache-off-seed-2026082591,True,128,8192,False,593,593,6.500439925720856,832.0563104922695,115909.34999990463,195.46264755464526,1527.051934020666,664.2049111425877,104.13557076313361,13583.854347839948,0.0,0.3021978021978022
054-s4-PF-mrr-128_chunk-8192_cache-off-seed-2026082592,s4-PF-mrr-128_chunk-8192_cache-off-seed-2026082592,False,128,8192,False,554,554,6.10644828060554,781.6253799175091,112209.19099998474,202.5436660649544,1582.3723911324564,821.1925284937025,65.48576667230196,8793.345859926194,0.0,0.3149171270718232
055-s4-DEC-mrr-128_chunk-8192_cache-off-seed-2026082591,s4-DEC-mrr-128_chunk-8192_cache-off-seed-2026082591,False,128,8192,False,627,627,6.169486130022099,6317.553797142629,106418.07100057602,169.72579106949922,165.74784284130786,8265.625989437096,22.46130937992623,25421.526762843132,15.0,0.5812807881773399
056-s4-DEC-mrr-128_chunk-8192_cache-off-seed-2026082592,s4-DEC-mrr-128_chunk-8192_cache-off-seed-2026082592,True,128,8192,False,599,599,5.884203736662264,6025.424626342158,109043.64199972153,182.0428080128907,177.77617970008856,390.3992777690292,18.292420429932292,18818.237555027008,0.0,0.07389162561576355
